model,accuracy,precision,recall,f1
MLP,0.8772727272727273,0.6759259259259259,0.9299363057324841,0.7828418230563002
GRU,0.8666666666666667,0.6533333333333333,0.9363057324840764,0.7696335078534031
LSTM,0.8636363636363636,0.6475770925110133,0.9363057324840764,0.765625
1D-CNN,0.8606060606060606,0.6666666666666666,0.8280254777070064,0.7386363636363636
BiLSTM,0.8515151515151516,0.6277056277056277,0.9235668789808917,0.7474226804123711
